{
  "2D": 3.12100028991699,
  "3D": 2894.71199965478,
  "AFK": 1030.0039999485,
  "AssetLib": 3.16799998283386,
  "Editor": 7088.34800076485,
  "Game": 1204.51899981499,
  "Script": 2982.82800102233
}